id,email,password
1,sheaney1@cbslocal.com,tJnAQA#T632v#cD
2,automatizacion@appbajopruebas.com,tJnAQA#T632v#cD
3,automatizacion@appbajopruebas,GRzIDuQZyoN
4,,DuQZyoN
5,mbaxster4@guardian.co.uk,
6,gstyle5@google.com,X2JKWJEKyR2A
7,fbaudichon6@cnet.com,QhwzJQz3Eb
8,lbedberry7@ovh.net,WOf8qQGZ
9,smctaggart8@csmonitor.com,MreZ9yumbhM
10,rbruff9@nih.gov,Y3H3VYCBzt
11,abeekmana@netlog.com,ZRDurJr1AlUf
12,nmarriotb@surveymonkey.com,XMLdDpq
13,cstudartc@google.es,bPzS1IBT70
14,pcashmand@live.com,hvV5oTP3D
15,arangere@virginia.edu,EG42SeoCSMk
16,smclayf@reddit.com,YpFlcgQ
17,pjunesg@nba.com,Q4mK1O
18,krousbyh@hhs.gov,y0lFifSn
19,aruosi@acquirethisname.,w2Jrb6L
20,dmatteuccij@people.com.cn,TEgTG84ikcO
21,staberk@eventbrite.com,fXXA1FC
22,hikinl@hud.gov,pRZMx0dwAp7t
23,mlerem@istockphoto.com,yW0cbqRcwM
24,zbathowen@issuu.com,TgHVhV
25,ahighwoodo@ihg.com,AfvGQeW
26,jkingmanp@hhs.gov,68GCKFtmH5
27,lgarthshoreq@joomla.org,izZA0Nf
28,jeliassonr@jigsy.com,kMUmv5BD8r
29,nlindenfelds@flickr.com,SbDWKNJZ
30,hgeckst@businesswire.com,TAwFVgk
31,bwartonbyu@nps.gov,mDjujlu
32,cmaceveleyv@statcounter.com,1OvPhiN0
33,llyverw@yolasite.com,ArSlucOWZhkC
34,drouselx@yahoo.com,l2XFR75EgzkU
35,ggrummitty@cdbaby.com,8TNWBIeq
36,mhaddowz@twitter.com,IVQnkqJHl
37,gmacieiczyk10@freewebs.com,Tenvyd0Sc2
38,dorwin11@twitpic.com,56FBMT
39,leccersley12@google.co.jp,aRX8C6hT
40,nlorrimer13@cyberchimps.com,aSpVSBP6OrB
